ten_thuy_dien,cong_xuat,san_luong,nam_khoi_cong,nam_hoat_dong,vi_do,kinh_do,tren_song,vi_tri_hanh_chinh,tinh_trang,qui_mo,loai,dung_tich,luu_vuc,chu_dau_tu,loai_hinh,von_dau_tu
Hòa Bình,1920,8160,11/1/1979,12/1/1994,20.808208,105.323278,Sông Đà,Tp. Hòa Bình tỉnh Hòa Bình,Đang vận hành,Lớn,Có hồ chứa,9000,Đà,EVN,Nhà nước,0
Sơn La,2400,9429,12/1/2005,12/1/2012,21.496389,103.995000,Sông Đà,xã Ít Ong huyện Mường La tỉnh Sơn La,Đang vận hành,Lớn,Có hồ chứa,9260,Đà,EVN,Nhà nước,36933
Lai Châu,1200,4670,1/1/2011,12/1/2016,22.137922,102.983850,Sông Đà,Tt. Nậm Nhùn huyện Nậm Nhùn tỉnh Lai Châu,Đang vận hành,Lớn,Có hồ chứa,1215,Đà,EVN,Nhà nước,35700
Pắc Ma,140,530,7/8/1905,7/11/1905,22.566145,102.517806,Sông Đà,"xã Mù Cả, Mường Tè và Ka Lăng huyện Mường Tè tỉnh Lai Châu[1]",,,,,,,,
Thác Bà,120,400,5/17/1905,5/24/1905,21.747064,105.023258,Sông Chảy,huyện Yên Bình tỉnh Yên Bái,Đang vận hành,Lớn,Có hồ chứa,2940,Chảy ,Công ty cổ phần Thủy điện Thác Bà,Cổ phần,0
Tuyên Quang,342,1295,6/24/1905,6/30/1905,22.360036,105.398469,Sông Gâm,huyện Na Hang tỉnh Tuyên Quang,Đang vận hành,Lớn,Có hồ chứa,2245,Gâm,EVN,Nhà nước,7500
Nho Quế 3,110,507,6/29/1905,6/1/2012,23.143267,105.515419,Nho Quế,xã Lũng Pù và Sơn Vĩ huyện Mèo Vạc tỉnh Hà Giang,,,,,,,,
Nậm Chiến 1,200,791,6/29/1905,7/5/1905,21.593544,104.144442,Nậm Chiến,xã Ngọc Chiến huyện Mường La tỉnh Sơn La,Đang vận hành,Lớn,Có hồ chứa,154,Chiến,Công ty cổ phần thủy điện Nậm Chiến,Cổ phần,6400
Bản Chát,220,770,6/28/1905,7/5/1905,21.861172,103.828589,Nậm Mu,xã Mường Kim huyện Than Uyên tỉnh Lai Châu,Đang vận hành,Lớn,Có hồ chứa,2137,Nậm Mu,EVN,Nhà nước,9198
Huội Quảng,520,1904,1/1/2006,5/1/2016,21.696464,103.877603,Nậm Mu,xã Khoen On huyện Than Uyên & xã Chiềng Lao huyện Mường La tỉnh Sơn La,Đang vận hành,Lớn,Có hồ chứa,184.2,Nậm Mu,EVN,Nhà nước,11082
Hủa Na,180,717,7/2/1905,7/5/1905,19.838131,105.084581,Sông Chu,xã Đồng Văn huyện Quế Phong tỉnh Nghệ An,Đang vận hành,Lớn,Có hồ chứa,5330,Chu,Công ty cổ phần thủy điện Hủa Na,Cổ phần,7065
Bản Vẽ,320,1084,6/26/1905,7/2/1905,19.340428,104.487347,Sông Lam,xã Yên Na huyện Tương Dương tỉnh Nghệ An,,,,,,,,
Khe Bố,100,442.8,6/29/1905,7/5/1905,19.191111,104.658611,Sông Lam,xã Tam Quang huyện Tương Dương tỉnh Nghệ An,,,,,,,,
Trung Sơn,260,1018,7/4/1905,7/8/1905,20.610103,104.837458,Sông Mã,xã Trung Sơn huyện Quan Hóa tỉnh Thanh Hóa,Đang xây dựng,Lớn,Có hồ chứa,348.5,Mã,Công ty TNHH MTV thủy điện Trung Sơn,Trách nhiệm hữu hạn,7775
Hồi Xuân,102,432,3/1/2010,7/12/1905,20.446374,105.051508,Sông Mã,"xã Hồi Xuân và Thanh Xuân, huyện Quan Hóa tỉnh Thanh Hóa",Đang xây dựng,Lớn,Có hồ chứa,63.65,Mã,Công ty cổ phần Công ty cổ phần Đầu tư và Xây dựng điện Hồi Xuân,Cổ phần,3320
A Lưới,170,690,6/29/1905,7/4/1905,16.230079,107.270151,A Sáp,xã Hồng Hạ huyện A Lưới tỉnh Thừa Thiên - Huế,Đang vận hành,Lớn,Có hồ chứa,60.2,A Sáp,Công ty cổ phần Thủy điện Miền Trung,Cổ phần,3234
A Vương,210,815,8/1/2003,12/1/2008,15.799811,107.617092,A Vương,xã Mà Cooih huyện Đông Giang tỉnh Quảng Nam,Đang vận hành,Lớn,Có hồ chứa,343.55,A Vương,Công ty CP thủy điện A Vương,Cổ phần,3800
Sông Bung 2,100,420,7/4/1905,7/9/1905,15.700021,107.486534,Sông Bung,xã Zuôih và xã La Dêê huyện Nam Giang tỉnh Quảng Nam,,,,,,,,
Sông Bung 4,156,586,7/28/1900,7/7/1905,15.725833,107.651175,Sông Bung,xã Zuôih và Tà Pơơ huyện Nam Giang tỉnh Quảng Nam,Đang vận hành,Lớn,Có hồ chứa,510,Bung,EVN,Nhà nước,5458
Đăk Mi 4,190,752,6/29/1905,7/4/1905,15.458986,107.912358,Đăk Mi,xã Phước Hiệp huyện Phước Sơn tỉnh Quảng Nam,Đang vận hành,Lớn,Có hồ chứa,312,Đăk Mi,Tổng công ty Đầu tư phát triển đô thị và khu công nghiệp Việt Nam ,Nhà nước,4547
Sông Tranh 2,190,680,6/28/1905,7/2/1905,15.331214,108.147781,Thu Bồn,xã Trà Tân huyện Bắc Trà My tỉnh Quảng Nam,Đang vận hành,Lớn,Có hồ chứa,733.4,Thu Bồn,EVN,Nhà nước,4150
An Khê - Kanak,173,700,11/1/2005,7/1/1905,14.014833,108.679575,Sông Ba,"huyện K'Bang và Tx. An Khê, tỉnh Gia Lai, huyện Tây Sơn tỉnh Bình Định",Đang vận hành,Lớn,Có hồ chứa,329.6, Ba,Cty Thủy điện An Khê - Ka Nak,Nhà nước,5616
Sông Ba Hạ,220,835,4/1/2004,11/1/2009,13.022625,108.903872,Sông Ba,xã Đức Bình Tây huyện Sông Hinh và xã Suối Trai huyện Sơn Hòa tỉnh Phú Yên,Đang vận hành,Lớn,Có hồ chứa,395, Ba,Công ty Cổ phần Sông Ba Hạ,Cổ phần,4275
Plei Krông,100,417,11/1/2003,5/1/2009,14.408347,107.863044,Pô Kô,xã Sa Bình huyện Sa Thầy và xã Kroong Tp. Kon Tum tỉnh Kon Tum,,,,,,,,
Ialy,720,3680,6/15/1905,6/24/1905,14.227369,107.829361,Sê San,Tt. Ia Ly huyện Chư Păh tỉnh Gia Lai,Đang vận hành,Lớn,Có hồ chứa,1037, Sê San,Công ty thủy điện Ialy (thuộc EVN),Nhà nước,8300
Sê San 3,260,221,6/24/1905,6/28/1905,14.215164,107.722164,Sê San,huyện Chư Păh tỉnh Gia Lai,Đang vận hành,Lớn,Có hồ chứa,92, Sê San,Công ty thủy điện Ialy (thuộc EVN),Nhà nước,4000
Sê San 3A,108,479,4/1/2003,6/1/2007,14.106311,107.657672,Sê San,"xã Mô Rai huyện Sa Thầy tỉnh Kon Tum và xã Ia Krai huyện Ia Grai tỉnh Gia 
Lai",Đang vận hành,Lớn,Có hồ chứa,80.6, Sê San,Công ty cổ phần thủy điện thuỷ điện Sê San 3A,Cổ phần,1945
Sê San 4,360,1042,6/26/1905,7/1/1905,13.967831,107.495328,Sê San,xã Mô Rai huyện Sa Thầy tỉnh Kon Tum & xã Ia O huyện Ia Grai tỉnh Gia Lai,Đang vận hành,Lớn,Có hồ chứa,893.3, Sê San,Công ty phát triển thủy điện sê san,Nhà nước,5800
Buôn Kuốp,280,1105,6/25/1905,7/3/1905,12.530467,107.924325,Sêrêpôk,"xã Nam Đà huyện Krông Nô, tỉnh Đăk Nông & xã Dray Sáp huyện Krông Ana tỉnh Đắk 
Lắk",Đang vận hành,Lớn,Có hồ chứa,63.24, Srêpôk,Tập đoàn Điện lực Việt Nam (EVN),Nhà nước,4616
Sêrêpôk 3,220,1060,6/27/1905,7/1/1905,12.752433,107.876758,Sêrêpôk,"xã Ea Nuôl và Tân Hòa huyện Buôn Đôn tỉnh Đăk Lăk và xã Ea Pô huyện Cư Jút 
tỉnh Đăk Nông",,,,,,,,
Thượng Kon Tum,220,1094,9/1/2009,3/1/2020,14.694139,108.229889,Đăk Snghé,xã Đăk Kôi huyện Kon Rẫy và xã Đăk Tăng huyện Kon Plông tỉnh Kon Tum,Đang vận hành,Lớn,Có hồ chứa,145.52,Đắk Snghé ,Công ty Cổ phần thủy điện Vĩnh Sơn-Sông Hinh,Cổ phần,5744
Đăk Đrinh,125,520,2/1/2008,7/6/1905,14.978447,108.301314,Đăk Đrinh,xã Sơn Dung và Sơn Mùa huyện Sơn Tây tỉnh Quảng Ngãi,,,,,,,,
Thác Mơ (*),225,662,6/13/1905,7/9/1905,11.857767,107.019253,Sông Bé,xã Đức Hạnh huyện Bù Gia Mập tỉnh Bình Phước,,,,,,,,
Đa Nhim,160,1000,5/15/1905,5/17/1905,11.852897,108.605836,Đa Nhim,"Tt. D'Ran huyện Đơn Dương tỉnh Lâm Đồng và xã Lâm Sơn huyện Ninh Sơn tỉnh Ninh 
Thuận",Đang vận hành,Lớn,Có hồ chứa,165, Đa Nhim,Công ty CP Thuỷ điện Đa Nhim - Hàm Thuận - Đa Mi,Cổ phần,0
Đại Ninh,300,1178,6/25/1905,6/30/1905,11.649864,108.320239,Đa Nhim,huyện Đức Trọng tỉnh Lâm Đồng & huyện Bắc Bình tỉnh ‎Bình Thuận,,,,,,,,
Đồng Nai 3,180,607,6/26/1905,7/3/1905,11.872225,107.888656,Đồng Nai,"xã Đắk Plao huyện Đắk Glong tỉnh Đăk Nông và xã Lộc Lâm huyện Bảo Lâm, tỉnh Lâm 
Đồng",Đang vận hành,Lớn,Có hồ chứa,1423.6, Đồng Nai,Tập đoàn Điện lực Việt Nam (EVN),Nhà nước,5100
Đồng Nai 4,340,1100,6/26/1905,7/4/1905,11.885128,107.728639,Đồng Nai,"Tt. Quảng Khê huyện Đăk GLong tỉnh Đăk Nông và xã Lộc Bảo huyện Bảo Lâm 
tỉnh Lâm Đồng",Đang vận hành,Lớn,Có hồ chứa,337.2, Đồng Nai,EVN,Cổ phần,4700
Đồng Nai 5,150,616,7/4/1905,7/7/1905,11.792692,107.553364,Đồng Nai,"xã Đắk Sin huyện Đăk R'Lấp tỉnh Đăk Nông và xã Lộc Bắc huyện Bảo Lâm tỉnh Lâm 
Đồng",,,,,,,,
Trị An,400,1700,6/6/1905,6/13/1905,11.104786,106.984822,Đồng Nai,huyện Vĩnh Cửu tỉnh Đồng Nai,Đang vận hành,Lớn,Có hồ chứa,2765, Đồng Nai,Công ty thủy điện Trị An (thuộc EVN),Nhà nước,0
Hàm Thuận - Đa Mi,475,1555,6/19/1905,6/23/1905,11.335956,107.934956,La Ngà,"xã La Ngâu huyện Tánh Linh và
La Dạ huyện Hàm Thuận Bắc tỉnh ‎Bình Thuận",Đang vận hành,Lớn,Có hồ chứa,836,La Ngà,Công ty Thủy điện Đa Nhim – Hàm Thuận – Đa Mi,Nhà nước,0
Đăk R’Tih,144,637,6/29/1905,7/3/1905,11.966420,107.657365,Đăk R’tih,Tx. Gia Nghĩa và xã Nhân Cơ huyện Đăk R’lấp tỉnh Đăk Nông,,,,,,,,
Sông Bạc,42,166.2,7/2/1905,7/6/1905,22.451030,104.721281,Sông Bạc,xã Tân Trịnh huyện Quang Bình tỉnh Hà Giang,,,,,,,,
Xuân Minh HG,5,,,,22.484501,104.736918,Sông Bạc,xã Xuân Minh huyện Quang Bình tỉnh Hà Giang,,,,,,,,
Bắc Nà,17,70,7/6/1905,7/8/1905,22.504828,104.336110,Bắc Nà,xã Thải Giàng Phố và Bản Liền huyện Bắc Hà tỉnh Lào Cai,,,,,,,,
Sông Chảy 3,14,,7/9/1905,7/3/1905,22.73944,104.63000,Sông Chảy,xã Tụ Nhân & Pờ Ly Ngài huyện Hoàng Su Phì tỉnh Hà Giang,,,,,,,,
Sông Chảy 5,16,62,7/2/1905,7/4/1905,22.714756,104.534950,Sông Chảy,xã Thèn Phàng và Ngán Chiên huyện Xín Mần tỉnh Hà Giang,,,,,,,,
Sông Chảy 6,16,,2/1/2017,2/1/2019,22.691463,104.462924,Sông Chảy,Tt. Cốc Pài và xã Thèn Phàng huyện Xín Mần tỉnh Hà Giang,,,,,,,,
Pa Ke,26,96.4,7/8/1905,7/10/1905,22.687620,104.336418,Sông Chảy,"xã Lùng Sui huyện Si Ma Cai tỉnh Lào Cai & xã Pà Vầy Sủ huyện Xín Mần tỉnh Hà 
Giang",,,,,,,,
"Bắc Hà
(Cốc Ly)",90,378,6/27/1905,7/4/1905,22.508545,104.197144,Sông Chảy,xã Cốc Ly huyện Bắc Hà tỉnh Lào Cai,,,,,,,,
Vĩnh Hà,21,89,7/5/1905,7/8/1905,22.303611,104.453333,Sông Chảy,xã Tân Dương & Thượng Hà huyện Bảo Yên tỉnh Lào Cai,,,,,,,,
Sông Chừng,19.5,70,6/30/1905,7/3/1905,22.429486,104.633070,Sông Con,Tt. Yên Bình huyện Quang Bình tỉnh Hà Giang[2],,,,,,,,
Bảo Lạc A,30,170,7/12/1905,7/14/1905,22.961208,105.775194,Sông Gâm,xã Cô Ba huyện Bảo Lạc tỉnh Cao Bằng,,,,,,,,
Bảo Lạc B,18,35.3,7/9/1905,6/1/2020,22.946887,105.595266,Sông Gâm,xã Bảo Toàn huyện Bảo Lạc tỉnh Cao Bằng,,,,,,,,
Bảo Lâm 1,30,124,11/1/2014,12/1/2016,22.942286,105.548844,Sông Gâm,xã Lý Bôn huyện Bảo Lâm tỉnh Cao Bằng,,,,,,,,
Mông Ân,30,110,7/9/1905,7/11/1905,22.855687,105.485566,Sông Gâm,Tt. Pác Miầu và xã Nam Quang huyện Bảo Lâm tỉnh Cao Bằng,,,,,,,,
Bắc Mê,45,197,7/6/1905,7/9/1905,22.757626,105.429388,Sông Gâm,xã Yên Phong & Phú Nam huyện Bắc Mê tỉnh Hà Giang,,,,,,,,
Chiêm Hóa,48,198.6,7/1/1905,7/5/1905,22.198333,105.328056,Sông Gâm,xã Ngọc Hội huyện Chiêm Hóa tỉnh Tuyên Quang,,,,,,,,
Yên Sơn,90,296,7/5/1905,7/12/1905,21.996966,105.216218,Sông Gâm,xã Quý Quân huyện Yên Sơn tỉnh Tuyên Quang[3],,,,,,,,
Nậm Lang,12,42,7/9/1905,,22.962039,105.265238,Nậm Lang,xã Ngọc Long huyện Yên Minh tỉnh Hà Giang[4],,,,,,,,
Phong Quang,18,63.2,7/9/1905,,22.838338,104.973367,Sông Lô,p. Quang Trung Tp. Hà Giang[4],,,,,,,,
Sông Lô 2,28,117,10/1/2015,7/10/1905,22.724898,104.972595,Sông Lô,xã Đạo Đức và Trung Thành huyện Vị Xuyên tỉnh Hà Giang,,,,,,,,
Sông Lô 3,18,,7/3/1905,,22.661130,104.993551,Sông Lô,Tt. Vị Xuyên và xã Ngọc Linh huyện Vị Xuyên tỉnh Hà Giang,,,,,,,,
Sông Lô 4,24,80,7/7/1905,7/9/1905,22.544846,104.911361,Sông Lô,xã Tân Thành huyện Bắc Quang tỉnh Hà Giang,,,,,,,,
Sông Lô 5,29.7,115.8,7/12/1905,,,,Sông Lô,xã Quang Minh & Kim Ngọc huyện Bắc Quang tỉnh Hà Giang,,,,,,,,
Sông Lô 6,48,187.2,9/1/2015,6/1/2020,22.296175,104.917122,Sông Lô,"xã Vĩnh Hảo huyện Bắc Quang tỉnh Hà Giang và xã Yên Thuận huyện Hàm Yên 
tỉnh Tuyên Quang[5].",,,,,,,,
Sông Lô 8A,27,106.6,7/10/1905,6/1/2020,22.064808,105.056380,Sông Lô,Tt. Tân Yên và xã Tân Thành huyện Hàm Yên tỉnh Tuyên Quang,,,,,,,,
Sông Lô 8B,27,109.1,7/10/1905,11/1/2020,21.906929,105.174717,Sông Lô,xã Thắng Quân & Phúc Ninh huyện Yên Sơn tỉnh Tuyên Quang,,,,,,,,
Nậm Lúc,24,100,7/1/1905,,21.341211,104.349800,Nậm Lúc,xã Nậm Lúc và Cốc Lầu huyện Bắc Hà tỉnh Lào Cai,,,,,,,,
Nậm Ly,5.1,22.6,2/1/2009,10/1/2017,22.556391,104.569684,Nậm Ly,xã Quảng Nguyên huyện Xín Mần tỉnh Hà Giang,,,,,,,,
Nậm Mạ,18,72,7/7/1905,7/10/1905,22.895660,105.078150,Nậm Mạ,xã Tùng Bá huyện Vị Xuyên tỉnh Hà Giang[6],,,,,,,,
Sông Miện 1,6,25,4/1/2009,10/1/2011,23.156976,105.017348,Sông Miện,xã Bát Đại Sơn huyện Quản Bạ và xã Na Khê huyện Yên Minh tỉnh Hà Giang,,,,,,,,
Thái An,82,400,6/30/1905,9/1/2010,22.998902,105.065431,Sông Miện,xã Thái An huyện Quản Bạ tỉnh Hà Giang[7].,,,,,,,,
Thuận Hòa,38,160,7/6/1905,6/1/2017,22.960782,105.033318,Sông Miện,xã Thuận Hòa huyện Vị Xuyên tỉnh Hà Giang[8],,,,,,,,
Sông Miện 5,16.5,,,7/4/1905,22.923324,105.006382,Sông Miện,xã Thuận Hòa huyện Vị Xuyên tỉnh Hà Giang,,,,,,,,
Sông Miện 5A,9,35,3/1/2011,3/1/2015,22.893316,104.992250,Sông Miện,xã Thuận Hòa huyện Vị Xuyên tỉnh Hà Giang[9],,,,,,,,
Sông Miện 6,12,,,3/1/2017,22.848615,105.013571,Sông Miện,p. Quang Trung Tp. Hà Giang,,,,,,,,
Nậm Mu,12,56,6/24/1905,6/26/1905,22.549631,104.876750,Nậm Mu,xã Tân Thành huyện Bắc Quang tỉnh Hà Giang,,,,,,,,
Nậm Ngần,13.5,,6/27/1905,7/1/1905,22.612182,104.893062,Nậm Ngần,xã Thượng Sơn & Quảng Ngần huyện Vị Xuyên tỉnh Hà Giang,,,,,,,,
Sông Nhiệm 3,10,,9/1/2019,11/1/2021,23.041350,105.406101,Sông Nhiệm,xã Niêm Sơn huyện Mèo Vạc tỉnh Hà Giang,,,,,,,,
Sông Nhiệm 4,6,,6/1/2018,11/1/2021,23.011508,105.474624,Sông Nhiệm,xã Niêm Tòng huyện Mèo Vạc tỉnh Hà Giang,,,,,,,,
Nho Quế 1,32,129,7/5/1905,7/9/1905,23.231101,105.427198,Nho Quế,xã Giàng Chu Phìn và Xín Cái huyện Mèo Vạc tỉnh Hà Giang,,,,,,,,
Nho Quế 2,48,225,8/1/2012,8/1/2016,23.181384,105.477844,Nho Quế,xã Giàng Chu Phìn và Xín Cái huyện Mèo Vạc tỉnh Hà Giang,,,,,,,,
Bảo Lâm 3,46,192.2,7/1/2015,6/1/2018,23.013075,105.486747,Nho Quế,"xã Đức Hạnh huyện Bảo Lâm tỉnh Cao Bằng và xã Niêm Tòng huyện Mèo Vạc tỉnh Hà 
Giang[10]",,,,,,,,
Bảo Lâm 3A,8,33.4,2/1/2016,6/1/2018,,,Nho Quế,xã Đức Hạnh và Lý Bôn huyện Bảo Lâm tỉnh Cao Bằng,,,,,,,,
Nậm Khánh,12,48.9,6/29/1905,7/4/1905,22.487111,104.366694,Nậm Phàng,xã Nậm Khánh và Bản Liền huyện Bắc Hà tỉnh Lào Cai,,,,,,,,
Nậm Phàng,36,146,6/30/1905,7/4/1905,22.415660,104.318392,Nậm Phàng,xã Nậm Đét và Nậm Khánh huyện Bắc Hà tỉnh Lào Cai[11],,,,,,,,
Thác Xăng,16,65.3,6/30/1905,7/8/1905,22.171324,106.498572,Bắc Giang,xã Hùng Việt huyện Tràng Định tỉnh Lạng Sơn[12],,,,,,,,
Thân Giáp,6,,5/1/2016,12/1/2018,22.734180,106.547782,Bắc Vọng,xã Đoài Dương huyện Trùng Khánh tỉnh Cao Bằng,,,,,,,,
Nà Lòa,6,30,,6/28/1905,22.684633,106.599022,Bắc Vọng,xã Bế Văn Đàn huyện Phục Hòa tỉnh Cao Bằng,,,,,,,,
Nà Tẩu,6,18.5,7/5/1905,1/1/2014,22.672175,106.504972,Bắc Vọng,xã Cai Bộ huyện Quảng Hòa tỉnh Cao Bằng,,,,,,,,
Tiên Thành,16.5,49,7/1/1905,7/11/1905,22.570529,106.433418,Sông Bằng,xã Tiên Thành huyện Phục Hòa tỉnh Cao Bằng[13],,,,,,,,
Hòa Thuận,17.4,,9/1/2009,7/10/1905,22.542830,106.494385,Sông Bằng,Tt. Hòa Thuận huyện Quảng Hòatỉnh Cao Bằng,,,,,,,,
Bình Long,6.5,20.9,7/12/1905,7/13/1905,22.734798,106.122213,Dẻ Rào,xã Bình Long huyện Hòa An tỉnh Cao Bằng,,,,,,,,
Hoa Thám,5.8,23.3,6/29/1905,9/1/2018,22.619159,106.100172,Sông Hiến,xã Hoa Thám huyện Nguyên Bình tỉnh Cao Bằng[14],,,,,,,,
Bạch Đằng,5,17,7/9/1905,7/12/1905,22.597833,106.163859,Sông Hiến,xã Bạch Đằng huyện Hòa An tỉnh Cao Bằng[15],,,,,,,,
Pác Cáp,6,,4/1/2019,7/12/1905,22.212974,106.130434,Na Rì,xã Lương Thành và Văn Minh huyện Na Rì tỉnh Bắc Kạn[16],,,,,,,,
Bản Rạ,18,70,6/29/1905,7/4/1905,22.858950,106.699769,Quây Sơn,xã Đàm Thủy huyện Trùng Khánh tỉnh Cao Bằng,,,,,,,,
Sử Pán 1,30,125,7/8/1905,7/11/1905,22.290999,103.915120,Ngòi Bo,xã Mường Hoa và Bản Hồ Tx. Sa Pa tỉnh Lào Cai,,,,,,,,
Sử Pán 2,34.5,165,6/28/1905,7/4/1905,22.271888,103.942384,Ngòi Bo,xã Mường Hoa và Bản Hồ Tx. Sa Pa tỉnh Lào Cai,,,,,,,,
Bản Hồ,10,,6/1/2018,,22.262510,103.974544,Ngòi Bo,xã Bản Hồ Tx. Sa Pa tỉnh Lào Cai,,,,,,,,
Nậm Củn,40,,7/8/1905,7/10/1905,22.267279,103.982037,Ngòi Bo,xã Mường Bo Tx. Sa Pa tỉnh Lào Cai,,,,,,,,
Tà Thàng,60,242,7/1/1905,7/5/1905,22.298694,104.022117,Ngòi Bo,"xã Suối Thầu và Thanh Bình Tx. Sa Pa, và xã Gia Phú huyện Bảo Thắng tỉnh Lào 
Cai",,,,,,,,
Suối Chăn 1,27,,7/7/1905,7/10/1905,22.114483,104.207850,Suối Chăn,xã Làng Giàng huyện Văn Bàn tỉnh Lào Cai,,,,,,,,
Suối Chăn 2,14,,7/7/1905,7/9/1905,22.138429,104.218263,Suối Chăn,xã Nậm Rạng huyện Văn Bàn tỉnh Lào Cai[17],,,,,,,,
Minh Lương,28,103,7/8/1905,7/10/1905,22.045185,104.089225,Nậm Chăn,xã Thẩm Dương và Minh Lương huyện Văn Bàn tỉnh Lào Cai[18],,,,,,,,
Nậm Đông,21.4,97,6/26/1905,7/3/1905,21.58806,104.39806,Nậm Đông,xã Túc Đán huyện Trạm Tấu tỉnh Yên Bái[19],,,,,,,,
Ngòi Hút 2,48,209,7/2/1905,7/7/1905,21.793100,104.337627,Ngòi Hút,xã Nậm Có huyện Mù Cang Chải tỉnh Yên Bái,,,,,,,,
Cốc San,30,120,7/2/1905,7/8/1905,22.414439,103.906550,Ngòi Dum,"xã Trung Chải Tx. Sa Pa, Tòng Sành huyện Bát Xát, Cốc San Tp. Lào Cai, tỉnh Lào 
Cai",,,,,,,,
Ngòi Đường 1,5.5,,,7/4/1905,22.368803,103.960841,Ngòi Đường,xã Tả Phời Tp. Lào Cai tỉnh Lào Cai,,,,,,,,
Ngòi Đường 2,5,,6/28/1905,6/30/1905,22.393695,103.980804,Ngòi Đường,xã Tả Phời Tp. Lào Cai tỉnh Lào Cai,,,,,,,,
Ngòi Hút 1,8.4,36,6/29/1905,7/3/1905,21.807767,104.434650,Ngòi Hút,xã Phong Dụ Thượng huyện Văn Yên tỉnh Yên Bái,,,,,,,,
Ngòi Hút 2A,8.4,,7/7/1905,,21.773615,104.396062,Ngòi Hút,xã Nậm Có huyện Mù Cang Chải tỉnh Yên Bái,,,,,,,,
Nậm Khắt,7.5,33,7/8/1905,7/10/1905,22.064068,104.109286,Nậm Khắt,xã Thẩm Dương và Dần Thàng huyện Văn Bàn tỉnh Lào Cai[20],,,,,,,,
Nậm Khóa,18,,6/30/1905,7/3/1905,22.063446,103.978684,Nậm Khóa,xã Nậm Xé huyện Văn Bàn tỉnh Lào Cai,,,,,,,,
Ngòi Phát,72,314,6/29/1905,11/1/2014,22.554575,103.743353,Ngòi Phát,"xã Bản Vược, Cốc Mỳ và Bản Xèo huyện Bát Xát tỉnh Lào Cai",,,,,,,,
Mường Hum,32,121,6/30/1905,7/3/1905,22.540417,103.714172,Ngòi Phát,xã Bản Xèo và Dền Thàng huyện Bát Xát tỉnh Lào Cai,,,,,,,,
Nậm Pung,9.3,30,6/29/1905,7/1/1905,22.506894,103.690619,Ngòi Phát,"xã Nậm Pung và xã Mường Hum, huyện Bát Xát tỉnh Lào Cai",,,,,,,,
Tà Lơi 1,15,58,7/7/1905,,,,Tà Lơi,xã Trung Lèng Hồ huyện Bát Xát tỉnh Lào Cai,,,,,,,,
Tà Lơi 2,10.5,48,10/1/2012,7/1/2016,22.489292,103.665572,Tà Lơi,xã Trung Lèng Hồ và Mường Hum huyện Bát Xát tỉnh Lào Cai[21],,,,,,,,
Tà Lơi 3,7.5,30,3/1/2010,11/1/2012,22.506232,103.690628,Tà Lơi,xã Trung Lèng Hồ và Mường Hum huyện Bát Xát tỉnh Lào Cai[22],,,,,,,,
Pờ Hồ,13.2,52.1,1/1/2016,7/11/1905,22.451709,103.669721,Pờ Hồ,xã Trung Lèng Hồ và Mường Hum huyện Bát Xát tỉnh Lào Cai,,,,,,,,
Trạm Tấu,30,123,,7/10/1905,21.506081,104.450361,Ngòi Thia,xã Trạm Tấu huyện Trạm Tấu tỉnh Yên Bái,,,,,,,,
Văn Chấn,57,246.5,7/1/1905,7/5/1905,21.681923,104.550714,Ngòi Thia,xã Suối Quyền và An Lương huyện Văn Chấn tỉnh Yên Bái[23],,,,,,,,
Thác Cá 1,27,,4/1/2018,7/12/1905,21.700817,104.635428,Ngòi Thia,xã Mỏ Vàng huyện Văn Yên tỉnh Yên Bái,,,,,,,,
Thác Cá 2,14.5,,,,21.746642,104.644315,Ngòi Thia,xã Mỏ Vàng huyện Văn Yên tỉnh Yên Bái,,,,,,,,
Đồng Sung,20,68,1/1/2018,7/11/1905,21.821197,104.658155,Ngòi Thia,xã Yên Phú & Đại Phác huyện Văn Yên tỉnh Yên Bái[24],,,,,,,,
Nậm Toóng,30,151,6/29/1905,7/8/1905,22.224311,103.946321,Nậm Trung Hồ,xã Bản Hồ Tx. Sa Pa tỉnh Lào Cai,,,,,,,,
Séo Chong Hô,22,100,6/30/1905,7/5/1905,22.248083,103.896294,Séo Trung Hồ,xã Tả Van và Bản Hồ Tx. Sa Pa tỉnh Lào Cai,,,,,,,,
Ngòi Xan 1,10.5,42,6/27/1905,6/29/1905,22.473372,103.872908,Ngòi Xan,xã Phìn Ngan huyện Bát Xát tỉnh Lào Cai,,,,,,,,
Ngòi Xan 2,8,75,6/28/1905,6/30/1905,22.475372,103.859458,Ngòi Xan,xã Phìn Ngan huyện Bát Xát tỉnh Lào Cai,,,,,,,,
Sùng Vui,18,58,6/27/1905,7/4/1905,22.434439,103.821047,Ngòi Xan,xã Phìn Ngan huyện Bát Xát tỉnh Lào Cai,,,,,,,,
Nậm Xây Luông,15,,7/7/1905,7/9/1905,21.974600,104.088998,Nậm Xây Luông,xã Nậm Xây huyện Văn Bàn tỉnh Lào Cai,,,,,,,,
Nậm Xây Nọi,12,,7/7/1905,7/9/1905,21.962920,104.057042,Nậm Xây Nọi,xã Nậm Xây và Nậm Xé huyện Văn Bàn tỉnh Lào Cai,,,,,,,,
Nậm Ban (3 bậc),50,,7/6/1905,7/11/1905,22.401304,103.107693,Nậm Ban,xã Nậm Ban huyện Nậm Nhùn tỉnh Lai Châu,,,,,,,,
Nậm Bụm 1,16,56.8,11/1/2018,9/1/2020,22.404835,102.982097,Nậm Bum,xã Hua Bum huyện Nậm Nhùn tỉnh Lai Châu[25],,,,,,,,
Nậm Bụm 2,25,85.1,11/1/2019,7/13/1905,22.374033,102.856309,Nậm Bum,xã Hua Bum huyện Nậm Nhùn tỉnh Lai Châu[26],,,,,,,,
Nậm Cát,5,18,,7/1/1905,22.628568,103.290918,Nậm Cát,xã Hoang Thèn huyện Phong Thổ tỉnh Lai Châu,,,,,,,,
Nậm Cấu 1,10,,7/9/1905,,22.431570,102.798349,Nậm Cấu,xã Bum Tở huyện Mường Tè tỉnh Lai Châu,,,,,,,,
Nậm Cấu 2,10,33.4,7/9/1905,,22.394039,102.809521,Nậm Cấu,xã Bum Tở huyện Mường Tè tỉnh Lai Châu,,,,,,,,
Nậm Chiến 2,32,132,6/29/1905,7/1/1905,21.500128,104.090833,Nậm Chiến,xã Chiềng San huyện Mường La tỉnh Sơn La,,,,,,,,
Pá Chiến,22,82,7/4/1905,7/5/1905,21.476039,104.040272,Nậm Chiến,xã Chiềng San huyện Mường La tỉnh Sơn La,,,,,,,,
Nậm Chim 1,16,,6/28/1905,7/2/1905,21.342677,104.350098,Nậm Chim,huyện Bắc Yên tỉnh Sơn La[27],,,,,,,,
Nậm Chim 1A,10,,7/5/1905,7/7/1905,,,Nậm Chim,huyện Bắc Yên tỉnh Sơn La[28],,,,,,,,
Nậm Chim 1B,10,,7/8/1905,,,,Nậm Chim,huyện Bắc Yên tỉnh Sơn La,,,,,,,,
Nậm Chim 2,14,,7/5/1905,7/7/1905,21.316158,104.291768,Nậm Chim,xã Chim Vàn huyện Bắc Yên tỉnh Sơn La[29],,,,,,,,
Mường Mươn,22,,7/10/1905,,21.749166,103.039099,Nậm Chim,xã Ma Thì Hồ và Na Sang huyện Mường Chà tỉnh Điện Biên,,,,,,,,
Phi Lĩnh,16,,7/9/1905,7/12/1905,21.784984,102.951790,Nậm Chim,xã Si Pa Phìn huyện Nậm Pồ tỉnh Điện Biên,,,,,,,,
Nậm Củm 4,54,237,7/9/1905,7/11/1905,22.530978,102.596181,Nậm Củm,xã Mường Tè huyện Mường Tè tỉnh Lai Châu,,,,,,,,
Nậm Đích 1,18,61.6,7/10/1905,10/1/2020,22.236584,103.619826,Nậm Đích,xã Khun Há huyện Tam Đường tỉnh Lai Châu,,,,,,,,
Đông Pao,6.5,27,7/11/1905,7/13/1905,,,Nậm Đích,xã Bản Hon huyện Tam Đường tỉnh Lai Châu,,,,,,,,
Chu Va 2,12,,11/1/2017,5/1/2019,,,Nậm Giê,xã Sơn Bình huyện Tam Đường tỉnh Lai Châu,,,,,,,,
Nậm Giôn,20,,6/29/1905,7/3/1905,21.67278,103.77167,Nậm Giôn,xã Nậm Giôn huyện Mường La và xã Chiềng Ơn huyện Quỳnh Nhai tỉnh Sơn La[30],,,,,,,,
Nậm He,16,59,7/2/1905,7/6/1905,21.964962,103.101254,Nậm He,xã Mường Tùng huyện Mường Chà tỉnh Điện Biên[31],,,,,,,,
Nậm Hồng 1&2,16,,7/3/1905,7/5/1905,21.45750,104.19306,Nậm Hồng,xã Chiềng Công huyện Mường La tỉnh Sơn La,,,,,,,,
Nậm Khốt,14,56,6/29/1905,7/3/1905,21.631508,104.171764,Nậm Khắt,xã Ngọc Chiến huyện Mường La tỉnh Sơn La,,,,,,,,
Khao Mang Thượng,24.5,71,7/4/1905,7/7/1905,21.867566,103.999024,Nậm Kim,xã Khao Mang huyện Mù Cang Chải tỉnh Yên Bái[32],,,,,,,,
Khao Mang Hạ,30,,7/5/1905,7/9/1905,21.877930,103.942984,Nậm Kim,"xã Khao Mang, Lao Chải & Hồ Bốn huyện Mù Cang Chải tỉnh Yên Bái",,,,,,,,
Hồ Bốn,18,73,6/30/1905,7/4/1905,21.877756,103.941975,Nậm Kim,xã Hồ Bốn huyện Mù Căng Chải tỉnh Yên Bái[33],,,,,,,,
Mường Kim,13.5,54,6/29/1905,7/2/1905,21.875909,103.923733,Nậm Kim,xã Hồ Bốn huyện Mù Căng Chải tỉnh Yên Bái,,,,,,,,
Mường Kim 2,10.5,,7/10/1905,7/12/1905,21.875658,103.893396,Nậm Kim,"xã Mường Kim huyện Than Uyên tỉnh Lai Châu & xã Hồ Bốn huyện Mù Căng Chải 
tỉnh Yên Bái",,,,,,,,
Nậm La,32,103.5,12/1/2007,7/3/1905,21.404925,103.983642,Nậm La,xã Chiềng Xôm và Mường Bú huyện Mường La tỉnh Sơn La,,,,,,,,
Nậm Lụm 2,18,69.4,7/10/1905,5/1/2021,22.624490,103.381327,Nậm Lụm,xã Bản Lang huyện Phong Thổ tỉnh Lai Châu,,,,,,,,
Suối Lừm 1,20,80.3,,7/5/1905,21.370791,104.218957,Nậm Lừm,xã Pắc Ngà và Hang Chú huyện Bắc Yên tỉnh Sơn La,,,,,,,,
Suối Lừm 3,14,,7/3/1905,7/8/1905,21.361513,104.202069,Nậm Lừm,xã Pắc Ngà huyện Bắc Yên tỉnh Sơn La,,,,,,,,
Nậm Mở 2,12,48.8,12/1/2010,7/5/1905,21.772664,103.907909,Nậm Mở,xã Khoen On huyện Than Uyên tỉnh Lai Châu,,,,,,,,
Nậm Mở 3,10,40,6/29/1905,7/1/1905,21.748648,103.874458,Nậm Mở,xã Khoen On huyện Than Uyên tỉnh Lai Châu,,,,,,,,
Nậm Mu 2,10.2,,7/7/1905,7/9/1905,21.789187,103.324687,Nậm Mu,xã Mường Mùn huyện Tuần Giáo tỉnh Điện Biên,,,,,,,,
Huổi Chan 1,15,65,7/9/1905,7/12/1905,21.605379,103.022821,Nậm Mức,xã Mường Pồn huyện Điện Biên tỉnh Điện Biên,,,,,,,,
Long Tạo,42,189,7/9/1905,7/11/1905,21.714051,103.216151,Nậm Mức,"xã Pú Xi huyện Tuần Giáo và Mường MươnNa SangHuổi Mí huyện Mường Chà tỉnh Điện 
Biên",,,,,,,,
Nậm Mức,44,176,7/1/1905,7/6/1905,21.798081,103.293494,Nậm Mức,"xã Mường Mùn huyện Tuần Giáo và xã Pa Ham huyện Mường Chà, tỉnh Điện Biên",,,,,,,,
Trung Thu,30,124,7/6/1905,7/8/1905,21.937197,103.254475,Nậm Mức,"xã Trung Thu huyện Tủa Chùa và xã Pa Ham huyện Mường Chà, tỉnh Điện Biên",,,,,,,,
Chiềng Ngàm Thượng,10,41,7/3/1905,7/4/1905,21.490522,103.780571,Suối Muội,xã Chiềng Ngàm huyện Thuận Châu tỉnh Sơn La,,,,,,,,
Nậm Na 1,30,125,7/7/1905,6/1/2018,22.596134,103.259937,Nậm Na,xã Hoang Thèn huyện Phong Thổ tỉnh Lai Châu,,,,,,,,
Nậm Na 2,66,254,7/1/1905,7/7/1905,22.493591,103.231785,Nậm Na,xã Huổi Luông huyện Phong Thổ và xã Phìn Hồ huyện Sìn Hồ tỉnh Lai Châu,,,,,,,,
Nậm Na 3,84,361,7/4/1905,7/7/1905,22.299178,103.161471,Nậm Na,xã Chăn Nưa huyện Sìn Hồ tỉnh Lai Châu,,,,,,,,
Nậm Nghẹ,7.5,,7/9/1905,,22.416647,102.952850,Nậm Nghẹ,xã Hua Bum huyện Nậm Nhùn tỉnh Lai Châu,,,,,,,,
Nậm Núa,10.8,,7/7/1905,7/9/1905,21.30167,102.93778,Nậm Nứa,xã Pa Thơm huyện Điện Biên tỉnh Điện Biên,,,,,,,,
Nậm Pàn 5,34.5,,7/2/1905,,21.346895,104.014026,Nậm Pàn,xã Mường Bú huyện Mường La tỉnh Sơn La,,,,,,,,
Nậm Pay,7.5,25.3,7/6/1905,7/11/1905,21.790030,103.395168,Nậm Pay,xã Nà Tòng huyện Tuần Giáo tỉnh Điện Biên[34],,,,,,,,
Chiềng Công 1&2,8,,7/1/1905,7/3/1905,21.457178,104.210367,Nậm Pia,xã Chiềng Công huyện Mường La tỉnh Sơn La,,,,,,,,
Nậm Pia,15,61,6/28/1905,7/1/1905,21.445197,104.169100,Nậm Pia,xã Chiềng Hoa huyện Mường La tỉnh Sơn La,,,,,,,,
Háng Đồng A,16,,7/4/1905,7/7/1905,21.312947,104.476603,Sập,xã Háng Đồng huyện Bắc Yên tỉnh Sơn La,,,,,,,,
Háng Đồng A1,8.4,,7/2/1905,7/4/1905,21.265794,104.540703,Sập,xã Háng Đồng huyện Bắc Yên tỉnh Sơn La,,,,,,,,
Suối Sập 3,14,51,6/30/1905,7/3/1905,21.223481,104.495428,Sập,xã Phiêng Ban huyện Bắc Yên & xã Suối Bau huyện Phù Yên,,,,,,,,
Sập Việt,21,84,7/2/1905,,21.031533,104.213836,Sập,xã Sặp Vạt huyện Yên Châu tỉnh Sơn La,,,,,,,,
Nậm Sì Lường 1,30,,7/9/1905,7/12/1905,22.442410,102.833526,Nậm Sì Lường,xã Pa Vệ Sử huyện Mường Tè tỉnh Lai Châu,,,,,,,,
Nậm Sì Lường 3,21,,7/9/1905,7/12/1905,,,Nậm Sì Lường,xã Pa Vệ Sử và Bum Tở huyện Mường Tè tỉnh Lai Châu,,,,,,,,
Nậm Sì Lường 4,20,,7/9/1905,7/12/1905,,,Nậm Sì Lường,xã Pa Vệ Sử và Bum Tở huyện Mường Tè tỉnh Lai Châu,,,,,,,,
Tô Buông - Đông Khùa,10.1,43,12/1/2013,11/1/2017,20.949311,104.415406,Tô Buông,xã Tú Nang huyện Yên Châu tỉnh Sơn La[35],,,,,,,,
Nậm Xá,9.6,,7/4/1905,7/7/1905,21.47583,104.18444,Nậm Xá,xã Chiềng Ân huyện Mường La tỉnh Sơn La,,,,,,,,
Nậm Pạc,34,150,7/10/1905,7/12/1905,22.521305,103.469330,Nậm Xe,xã Nậm Xe và Sin Suối Hồ huyện Phong Thổ tỉnh Lai Châu,,,,,,,,
Xím Vàng 2,6.6,68,7/9/1905,7/11/1905,21.342677,104.350098,Xím Vàng,xã Xím Vàng và Hang Chú huyện Bắc Yên tỉnh Sơn La,,,,,,,,
Tà Cọ,30,132,7/1/1905,7/4/1905,20.969853,103.633418,Nậm Công,Tt. Sốp Cộp huyện Sốp Cộp tỉnh Sơn La[36],,,,,,,,
Nậm Hóa 1,18,70,7/3/1905,7/7/1905,21.355650,103.407597,Nậm Hua,xã Mường Bám huyện Thuận Châu tỉnh Sơn La,,,,,,,,
Sông Mã 3,29.5,104.5,3/1/2016,,21.234365,103.311204,Sông Mã,xã Phì Nhừ và Mường Luân huyện Điện Biên Đông tỉnh Điện Biên[37],,,,,,,,
Mường Hung,24,93,7/9/1905,7/11/1905,20.980501,103.817656,Sông Mã,xã Mường Hung và Chiềng Canghuyện Sông Mã tỉnh Sơn La,,,,,,,,
Nà Lơi,9.3,46,6/22/1905,6/25/1905,21.468675,103.058425,Nậm Rốm,xã Thanh Minh huyện Điện Biên tỉnh Điện Biên,,,,,,,,
Thác Trắng,6,22,6/26/1905,6/28/1905,21.45797,103.0782,Nậm Rốm,xã Nà Nhạn huyện Điện Biên tỉnh Điện Biên,,,,,,,,
Nậm Sọi,10,35.8,6/30/1905,7/2/1905,20.912677,103.735444,Nậm Sọi,xã Mường Caihuyện Sông Mã tỉnh Sơn La,,,,,,,,
Sông Âm,13,42.7,7/10/1905,7/12/1905,,,Sông Âm,xã Tam Văn huyện Lang Chánh tỉnh Thanh Hóa,,,,,,,,
Ca Nan (1&2),23,80,7/9/1905,7/10/1905,19.318968,104.256259,Ca Nan,"xã Chiêu Lưu, Hữu Kiệm và Na Ngoi, huyện Kỳ Sơn tỉnh Nghệ An",,,,,,,,
Nậm Cắn 2,20,67,7/5/1905,7/7/1905,19.440078,104.095187,Nậm Cắn,xã Tà Cạ và Nậm Cắn huyện Kỳ Sơn Nghệ An|Kỳ Sơn tỉnh Nghệ An,,,,,,,,
Trí Nang,5.4,,,,20.108672,105.186931,Sông Cáy,xã Trí Nang huyện Lang Chánh tỉnh Thanh Hóa,,,,,,,,
Xoỏng Con,15,55,7/1/1905,7/4/1905,19.199568,104.476973,Chà Lạp,xã Tam Thái huyện Tương Dương tỉnh Nghệ An,,,,,,,,
Hương Sơn,33,143,6/26/1905,7/4/1905,18.446022,105.151275,Nậm Chốt,xã Sơn Kim 1 huyện Hương Sơn tỉnh Hà Tĩnh,,,,,,,,
Đồng Văn,28,102,7/8/1905,,19.885577,105.117378,Sông Chu,xã Đồng Văn huyện Quế Phong tỉnh Nghệ An,,,,,,,,
Dốc Cáy,15,,,7/5/1905,19.956111,105.276667,Sông Chu,xã Lương Sơn huyện Thường Xuân tỉnh Thanh Hóa,,,,,,,,
Cửa Đạt,97,430,2/1/2004,11/1/2010,19.878189,105.273122,Sông Chu,xã Xuân Mỹ huyện Thường Xuân tỉnh Thanh Hóa,,,,,,,,
Xuân Minh,15,65.1,7/8/1905,7/10/1905,19.881981,105.334600,Sông Chu,xã Xuân Cẩm huyện Thường Xuân tỉnh Thanh Hoá[38],,,,,,,,
Bản Cốc,18,80,6/27/1905,7/1/1905,19.605331,104.858981,Nậm Giải,xã Châu Kim và Nậm Giải huyện Quế Phong tỉnh Nghệ An,,,,,,,,
La Trọng,18,60,6/29/1905,7/7/1905,17.866950,105.798465,Sông Gianh,xã Trọng Hóa huyện Minh Hóa tỉnh Quảng Bình,,,,,,,,
Sông Quang,32,48,6/29/1905,7/8/1905,19.568100,104.768269,Sông Hiếu,xã Châu Thôn huyện Quế Phong tỉnh Nghệ An,,,,,,,,
Bản Mồng,42,,7/2/1905,7/10/1905,19.452732,105.299201,Sông Hiếu,xã Yên Hợp huyện Quỳ Hợp tỉnh Nghệ An,,,,,,,,
Nậm Nơn,20,89,12/1/2011,7/7/1905,19.296210,104.420913,Nậm Lam,xã Lượng Minh huyện Tương Dương tỉnh Nghệ An,,,,,,,,
Chi Khê,41,200,7/5/1905,7/8/1905,19.088325,104.802233,Sông Lam,xã Con Cuông & Tương Dương tỉnh Nghệ An,,,,,,,,
Tam Thanh,7,,7/9/1905,7/12/1905,,,Sông Lò,xã Tam Thanh huyện Quan Sơn tỉnh Thanh Hóa,,,,,,,,
Sơn Lư,7,,7/9/1905,7/12/1905,,,Sông Lò,xã Sơn Lư huyện Quan Sơn tỉnh Thanh Hóa,,,,,,,,
Trung Xuân,10.5,40,10/1/2017,7/12/1905,20.354133,105.093136,Sông Lò,xã Trung Xuân huyện Quan Sơn tỉnh Thanh Hóa,,,,,,,,
Thành Sơn,30,123,7/7/1905,7/10/1905,20.589884,104.906245,Sông Mã,xã Thành Sơn và Trung Thành huyện Quan Hóa tỉnh Thanh Hóa[39],,,,,,,,
Bá Thước 1,60,216,11/1/2013,8/1/2017,20.319325,105.173011,Sông Mã,xã Thiết Kế huyện Bá Thước tỉnh Thanh Hóa,,,,,,,,
Bá Thước 2,80,400,7/1/1905,7/4/1905,20.322575,105.327830,Sông Mã,xã Điền Lư huyện Bá Thước tỉnh Thanh Hóa,,,,,,,,
Cẩm Thủy 1,28.6,138,7/5/1905,7/10/1905,20.235125,105.404289,Sông Mã,xã Cẩm Thành và Cẩm Lương huyện Cẩm Thủy tỉnh Thanh Hóa,,,,,,,,
Nậm Mô,18,65,7/2/1905,7/5/1905,19.414225,104.112322,Nậm Mô,xã Tà Cạ huyện Kỳ Sơn tỉnh Nghệ An,,,,,,,,
Bản Ang,17,70,7/7/1905,,19.268056,104.408889,Nậm Mộ,xã Xá Lượng huyện Tương Dương tỉnh Nghệ An,,,,,,,,
Hố Hô,14,55,6/26/1905,7/2/1905,18.046367,105.833414,Ngàn Sâu,xã Hương Hóa tỉnh Quảng Bình & Hương Khê tỉnh Hà Tĩnh,,,,,,,,
Nậm Pông,32,130,3/1/2008,1/1/2014,19.518444,105.037708,Nậm Pông,xã Châu Hạnh và Châu Phong huyện Quỳ Châu tỉnh Nghệ An,,,,,,,,
Châu Thắng,14,,7/5/1905,7/9/1905,19.600663,104.993269,Sông Quàng,xã Châu Thắng huyện Quỳ Châu và xã Tiền Phong huyện Quế Phong tỉnh Nghệ An,,,,,,,,
Nhạn Hạc,59,206,7/7/1905,7/10/1905,19.538489,104.957492,Sông Quàng,xã Mường Nọc huyện Quế Phong tỉnh Nghệ An[40],,,,,,,,
Khe Rôn,6,21,6/29/1905,7/1/1905,17.916839,105.970611,Khe Rôn,xã Lê Hóa huyện Tuyên Hóa tỉnh Quảng Bình,,,,,,,,
Khe Thơi,12,38,7/7/1905,7/11/1905,19.111692,104.717428,Khe Thơi,xã Lạng Khê huyện Con Cuông tỉnh Nghệ An,,,,,,,,
Châu Thôn,27,112,6/29/1905,7/8/1905,19.582964,104.800028,Nậm Tột,xã Châu Thôn huyện Quế Phong tỉnh Nghệ An,,,,,,,,
La Tó,12.6,44.3,7/10/1905,7/12/1905,16.505831,107.031300,Khe A Cho,xã Húc Nghì huyện Đa Krông tỉnh Quảng Trị,,,,,,,,
Thượng Lộ,5.2,21.4,7/3/1905,9/1/2015,16.142627,107.748969,Ba Ran,"xã Thượng Lộ và Hương Lộc huyện Nam Đông, tỉnh Thừa Thiên - Huế",,,,,,,,
A Roàng,7.2,30,7/4/1905,7/7/1905,16.124766,107.395365,Sông Bồ,xã A Roàng huyện A Lưới tỉnh Thừa Thiên - Huế[41],,,,,,,,
Hương Điền,81,300,6/27/1905,7/2/1905,16.460069,107.423342,Sông Bồ,xã Hương Vân huyện Hương Trà tỉnh Thừa Thiên - Huế,,,,,,,,
Sông Bồ,20,68.7,7/10/1905,7/12/1905,16.244240,107.373653,Sông Bồ,xã Hồng Hạ huyện A Lưới tỉnh Thừa Thiên - Huế,,,,,,,,
Đa Krông 1,12,45.65,7/1/1905,1/1/2018,16.496989,106.972210,Đa Krông,xã Húc Nghì huyện Đa Krông tỉnh Quảng Trị,,,,,,,,
Đa Krông 2,18,,7/3/1905,5/1/2013,16.649361,106.816610,Đa Krông,xã Đa Krông huyện Đa Krông tỉnh Quảng Trị,,,,,,,,
Đa Krông 3,8,,8/1/2010,10/1/2012,16.562672,106.953681,Đa Krông,xã Tà Long huyện Đa Krông tỉnh Quảng Trị,,,,,,,,
Đa Krông 4,24,85,10/1/2009,12/1/2019,16.597087,106.882203,Đa Krông,xã Ba Nang huyện Đa Krông tỉnh Quảng Trị[42],,,,,,,,
Bình Điền,44,181,6/27/1905,7/1/1905,16.317242,107.502767,Hữu Trạch,xã Bình Điền huyện Hương Trà tỉnh Thừa Thiên - Huế,,,,,,,,
Khe Nghi,8,29.5,10/1/2014,7/8/1905,16.700381,106.773225,Khe Nghi,xã Hướng Linh huyện Hướng Hóa tỉnh Quảng Trị,,,,,,,,
Quảng Trị,64,217.4,6/25/1905,7/1/1905,16.689362,106.704954,Rào Quán,xã Hướng Tân huyện Hướng Hóa tỉnh Quảng Trị[43],,,,,,,,
Hạ Rào Quán,6.4,24.2,,5/1/2011,16.648312,106.769382,Rào Quán,xã Tân Hợp huyện Hướng Hóa tỉnh Quảng Trị,,,,,,,,
A Lin B1,42,165,10/1/2010,1/1/2019,16.311886,107.148700,A Lin,xã Trung Sơn huyện A Lưới tỉnh Thừa Thiên - Huế,,,,,,,,
Hướng Phùng,18,76.8,7/10/1905,7/13/1905,16.709837,106.566643,Sông Sen,xã Hướng Phùng huyện Hướng Hóa tỉnh Quảng Trị,,,,,,,,
Tả Trạch,21,85,6/30/1905,7/5/1905,16.316453,107.637447,Tả Trạch,xã Dương Hòa Tx. Hương Thủy tỉnh Thừa Thiên - Huế,,,,,,,,
A Lin B2,20,,7/8/1905,11/1/2019,16.404101,107.202715,Rào Trăng,xã Phong Xuân huyện Phong Điền tỉnh Thừa Thiên - Huế,,,,,,,,
Rào Trăng 3,13,,7/8/1905,7/11/1905,16.410472,107.228174,Rào Trăng,xã Phong Xuân huyện Phong Điền tỉnh Thừa Thiên - Huế,,,,,,,,
Rào Trăng 4,14,46,7/8/1905,7/11/1905,16.397310,107.298038,Rào Trăng,xã Phong Xuân huyện Phong Điền tỉnh Thừa Thiên - Huế,,,,,,,,
A Vương 3,4.8,25,7/3/1905,7/1/2016,15.918274,107.570552,A Vương,xã A Vương huyện Tây Giang tỉnh Quảng Nam,,,,,,,,
Za Hưng,30,123,6/29/1905,7/1/1905,15.860025,107.653831,A Vương,xã Za Hung huyện Đông Giang tỉnh Quảng Nam,,,,,,,,
Sông Bung 4A,49,199,7/1/1905,7/4/1905,15.764647,107.680164,Sông Bung,Tt. Thạnh Mỹ huyện Nam Giang tỉnh Quảng Nam,,,,,,,,
Sông Bung 5,57,225,7/3/1905,7/5/1905,15.807653,107.747153,Sông Bung,Tt. Thạnh Mỹ huyện Nam Giang tỉnh Quảng Nam,,,,,,,,
Sông Bung 6,29,121,7/2/1905,7/4/1905,15.818625,107.778736,Sông Bung,Tt. Thạnh Mỹ huyện Nam Giang và xã Ka Dăng huyện Đông Giang tỉnh Quảng Nam,,,,,,,,
Sông Kôn 2,63,209,6/27/1905,7/1/1905,15.933172,107.808119,Sông Kôn,xã Sông Kôn huyện Đông Giang tỉnh Quảng Nam,,,,,,,,
Đăk Mek 3,7.5,,7/1/1905,7/10/1905,15.152793,107.891937,Đăk Mek,xã Đăk Choong huyện Đăk Glei tỉnh Kon Tum,,,,,,,,
Đăk Mi 1,84,360,,,15.146389,107.907591,Đăk Mi,xã Đăk Choong huyện Đăk Glei tỉnh Kon Tum,,,,,,,,
Đăk Mi 1A,11,,,,15.182962,107.818426,Đăk Mi,xã Đăk Choong huyện Đăk Glei tỉnh Kon Tum,,,,,,,,
Đăk Mi 2,98,415,10/1/2007,7/11/1905,15.229790,107.813107,Đăk Mi,xã Phước Lộc và Phước Công huyện Phước Sơn tỉnh Quảng Nam,,,,,,,,
Đăk Mi 3,63,211.9,4/1/2014,8/1/2017,15.318668,107.824145,Đăk Mi,xã Phước Chánh huyện Phước Sơn tỉnh Quảng Nam,,,,,,,,
Đăk Mi 4C,18,69,6/30/1905,7/4/1905,15.464153,107.929014,Đăk Mi,xã Phước Hòa huyện Phước Sơn tỉnh Quảng Nam,,,,,,,,
Sông Tranh 3,62,230,7/1/2010,7/5/1905,15.444314,108.143006,Thu Bồn,xã Phước Gia huyện Hiệp Đức và xã Tiên Lãnh huyện Tiên Phước tỉnh Quảng Nam,,,,,,,,
Sông Tranh 4,48,180,7/3/1905,7/12/1905,15.527058,108.147067,Sông Tranh,xã Quế Lưu và Thăng Phước huyện Hiệp Đức tỉnh Quảng Nam,,,,,,,,
An Điềm 2,15.6,78.3,,10/1/2010,15.932876,107.903381,Sông Vàng,xã Ba huyện Đông Giang tỉnh Quảng Nam,,,,,,,,
An Điềm,5.4,25,6/6/1905,6/1/1991,15.902442,107.880857,Sông Vàng,xã Đại Lãnh huyện Đại Lộc tỉnh Quảng Nam,,,,,,,,
Ayun Thượng 1A,12,49,7/1/1905,7/3/1905,13.928674,108.231445,A Yun,xã Lơ Pang huyện Mang Yang và xã H’Nol huyện Đăk Đoa tỉnh Gia Lai,,,,,,,,
Ayun Trung,16.5,48.8,7/7/1905,7/10/1905,13.776398,108.166938,A Yun,xã Đê Ar huyện Mang Yang tỉnh Gia Lai,,,,,,,,
H'Chan,12,,6/24/1905,6/28/1905,13.836132,108.178741,A Yun,xã Đê Ar huyện Mang Yang tỉnh Gia Lai,,,,,,,,
H'Mun,16.3,66,7/1/1905,7/3/1905,13.811043,108.163849,A Yun,xã Bar Măih huyện Chư Sê và xã Đê Ar huyện Mang Yang tỉnh Gia Lai,,,,,,,,
Đăk Srông,18,68,6/28/1905,7/2/1905,13.765867,108.523597,Sông Ba,xã Kông Chro Kông Chro tỉnh Gia Lai,,,,,,,,
Đăk Srông 2,24,86,6/30/1905,7/2/1905,13.678575,108.564947,Sông Ba,xã Yang Nam huyện Kông Chro tỉnh Gia Lai[44],,,,,,,,
Đăk Srông 2A,18,60,7/1/1905,7/3/1905,13.678575,108.564947,Sông Ba,xã Yang Nam huyện Kông Chro tỉnh Gia Lai,,,,,,,,
Đăk Srông 3A,10,37,7/3/1905,7/6/1905,13.347275,108.532250,Sông Ba,xã Ia RSươm huyện Krông Pa tỉnh Gia Lai,,,,,,,,
Đăk Srông 3B,20,75,7/2/1905,7/4/1905,13.338092,108.558719,Sông Ba,xã Ia RSươm huyện Krông Pa tỉnh Gia Lai[45],,,,,,,,
Krông H'năng,64,250,6/27/1905,7/2/1905,12.941749,108.711315,Sông Ba,xã Ea Ly huyện Sông Hinh tỉnh Phú Yên và xã Ea Sô huyện Ea Kar tỉnh Đăk Lăk,,,,,,,,
Đăk Ble,5,20.1,7/7/1905,7/9/1905,,,Đăk Ble,xã Krong huyện K'Bang tỉnh Gia Lai,,,,,,,,
Hà Nang,11,70,6/30/1905,7/3/1905,15.293162,108.487524,Cà Đú,xã Trà Thủy huyện Trà Bồng tỉnh Quảng Ngãi,,,,,,,,
Krông Hin,5,30,6/26/1905,6/28/1905,12.752642,108.867038,Ea Krông Hin,xã Cư Króa huyện M'Drắk tỉnh Đăk Lăk[46],,,,,,,,
Krông Pa 2,5.8,,7/7/1905,,,,Krông Pa,xã K'Rong huyện K'Bang tỉnh Gia Lai,,,,,,,,
Ea M'Doal 2,5,,,7/2/1905,12.772080,108.882135,Ea M'Doal,xã Ea M'Doal huyện M'Drắk tỉnh Đăk Lăk,,,,,,,,
Ea M'Doal 3,5,,,7/2/1905,12.799883,108.928683,Ea M'Doal,xã Ea M'Doal huyện M'Drắk tỉnh Đăk Lăk,,,,,,,,
Đăk Ne,8.1,60,2/1/2007,9/1/2010,14.528122,108.219058,Đăk Ne,xã Đăk Tờ Lung huyện Kon Rẫy tỉnh Kon Tum,,,,,,,,
Đăk Pi Hao 4,9,,,,13.718667,108.421052,Đăk Pi Hao,xã Chơ Long huyện Kông Chro tỉnh Gia Lai,,,,,,,,
Đăk Bla 1,15,61.6,6/1/2015,7/1/2018,14.429366,108.146869,Đăk Bla,xã Đăk Ruồng huyện Kon Rẫy tỉnh Kon Tum,,,,,,,,
Ea Đrăng 2,6.4,25,6/29/1905,7/3/1905,13.240094,108.060254,Ea Đrăng,xã Ea Wy huyện Ea H'leo tỉnh Đăk Lăk,,,,,,,,
Ia Grai 1,10.8,,6/1/2009,8/1/2012,13.975675,107.727761,Ia Grăng,xã Ia Grăng huyện Ia Grai tỉnh Gia Lai[47],,,,,,,,
Ia Grai 2,7.5,,,7/6/1905,13.975558,107.792806,Ia Grai,xã Ia Tô huyện Ia Grai tỉnh Gia Lai,,,,,,,,
Ia Grai 3,7.5,40,6/26/1905,6/29/1905,14.022164,107.649025,Ia Grai,xã Ia Kha huyện Ia Grai tỉnh Gia Lai,,,,,,,,
Yan Tann Sien,19.5,79,6/30/1905,7/2/1905,12.152644,108.378689,Đak Heur,xã Đưng K'Nớ huyện Lạc Dương tỉnh Lâm Đồng,,,,,,,,
Ia Krel 2,5.5,,7/1/1905,,13.788398,107.549434,Ia Krel,xã Ia Dom huyện Đức Cơ tỉnh Gia Lai,,,,,,,,
Đăk Đoa,14,56,6/29/1905,7/2/1905,14.184733,108.106353,Ia Krom,xã Đăk Sơ Mei và Đăk Krong huyện Đăk Đoa tỉnh Gia Lai,,,,,,,,
Hà Tây,9,38,5/1/2013,7/7/1905,14.240078,108.106299,Ia Krom (Đăk Pơ Tang),xã Hà Tây huyện Chư Păh tỉnh Gia Lai,,,,,,,,
Krông Kmar,12,60,6/27/1905,6/30/1905,12.451969,108.337206,Krông Kmar,Tt. Krông Kmar huyện Krông Bông tỉnh Đăk Lăk,,,,,,,,
Buôn Tua Srah,86,359,6/26/1905,7/1/1905,12.285192,108.038286,Krông Nô,"xã Nam Ka huyện Lắk tỉnh Đắk Lắk và xã Quảng Phú huyện Krông Nô tỉnh Đắk 
Nông",,,,,,,,
Krông Nô 2,30,106,7/2/1905,7/9/1905,12.253908,108.355733,Krông Nô,"xã Đưng K’Nớ huyện Lạc Dương tỉnh Lâm Đồng, và xã Bông Krang huyện Lắk tỉnh Đăk 
Lăk",,,,,,,,
Krông Nô 3,18,63.5,7/2/1905,7/8/1905,12.211661,108.284672,Krông Nô,"xã Đạ Tông huyện Đam Rông tỉnh Lâm Đồng, và xã Krông Nô huyện Lắk tỉnh Đăk 
Lăk",,,,,,,,
Đăk N'teng,13,53,,7/3/1905,12.195769,107.926781,Krông Nô,xã Quảng Sơn huyện Đăk Glong tỉnh Đăk Nông,,,,,,,,
"Đăk Lô 1,2,3",22,93,2/1/2012,1/1/2016,14.727500,108.369444,Đăk Lô,xã Ngok Tem huyện Kon Plông tỉnh Kon Tum,,,,,,,,
Plei Kần Hạ,10,38,,10/1/2020,14.711377,107.712242,Pô Kô,Tt. Plei Kần huyện Ngọc Hồi & xã Ngọc Tụ huyện Đăk Tô tỉnh Kon Tum,,,,,,,,
Đăk Pô Kô,15,66,7/7/1905,7/9/1905,14.65000,107.79028,Pô Kô,xã Pô Kô và xã Tân Cảnh huyện Đăk Tô tỉnh Kon Tum,,,,,,,,
Đăk Pô Ne,15.6,69,6/26/1905,7/1/1905,14.575850,108.304850,Đăk Pô Ne,xã Măng Cành và Tt. Măng Đen huyện Kon Plong tỉnh Kon Tum[48],,,,,,,,
Đăk Psi,18,,,,,,Đăk Psi,xã Đăk Pxi huyện Đăk Hà tỉnh Kon Tum,,,,,,,,
Đăk Psi 2B,14,52.5,7/3/1905,7/10/1905,14.865917,108.014813,Đăk Psi,xã Văn Xuôi và xã Tu Mơ Rông huyện Tu Mơ Rông tỉnh Kon Tum,,,,,,,,
Đăk Psi 3,15,60,7/2/1905,7/4/1905,14.771339,108.002013,Đăk Psi,xã Đăk Pxi huyện Đăk Hà và xã Tu Mơ Rông huyện Tu Mơ Rông tỉnh Kon Tum,,,,,,,,
Đăk Psi 4,30,115,6/29/1905,7/2/1905,14.705816,107.966127,Đăk Psi,xã Đăk Pxi huyện Đăk Hà và xã Đăk Hà huyện Tu Mơ Rông tỉnh Kon Tum,,,,,,,,
Đăk Psi 5,10,40,7/1/1905,7/6/1905,14.660750,107.937924,Đăk Psi,xã Đăk Pxi huyện Đăk Hà tỉnh Kon Tum,,,,,,,,
Đăk Psi 6,12,50,7/10/1905,,,,Đăk Psi,xã Đăk Long huyện Đăk Hà tỉnh Kon Tum,,,,,,,,
Đăk Trưa 1&2,8.8,30,7/10/1905,7/12/1905,14.714736,108.003551,Đăk Trưa,xã Đăk Pxi huyện Đăk Hà và xã Tu Mơ Rông huyện Tu Mơ Rông tỉnh Kon Tum,,,,,,,,
Ia Púch 3,6.6,,,,13.733377,107.804888,Ia Púch,xã Ia O huyện Chư Prông tỉnh Gia Lai,,,,,,,,
Đăk Ruồi,24,,,7/10/1905,,,Đăk Ruồi,xã Xốp huyện Đăk Glei tỉnh Kon Tum,,,,,,,,
Đăk Ruồi 2,14,,7/3/1905,7/13/1905,,,,Tt. Đăk Glei huyện Đăk Glei tỉnh Kon Tum,,,,,,,,
Ry Ninh 2,8.1,,,,,,Ry Ninh,xã Ia Ly huyện Chư Păh tỉnh Gia Lai,,,,,,,,
Sê San 4A,63,331,6/30/1905,7/3/1905,13.930833,107.467778,Sê San,xã Mô Rai huyện Sa Thầy tỉnh Kon Tum và xã Ia O huyện Ia Grai tỉnh Gia Lai,,,,,,,,
Hòa Phú,29,132,7/3/1905,7/6/1905,12.649661,107.909117,Sêrêpôk,xã Hòa Phú Tp. Buôn Mê Thuột tỉnh Đăk Lăk,,,,,,,,
Đray H'linh 1,12,,6/6/1905,6/12/1905,12.671211,107.907508,Sêrêpôk,Tp. Buôn Mê Thuột tỉnh Đăk Lăk,,,,,,,,
Đray H'linh 2,16,80,6/25/1905,6/29/1905,12.675675,107.904142,Sêrêpôk,xã Ea Pô huyện Cư Jut tỉnh Đăk Nông,,,,,,,,
Sêrêpôk 4,80,336,6/30/1905,7/2/1905,12.807242,107.855131,Sêrêpôk,"xã Ea Wer và Tân Hòa huyện Buôn Đôn tỉnh Đăk Lăk và xã Ea Pô huyện Cư Jút 
tỉnh Đăk Nông",,,,,,,,
Sêrêpôk 4A,64,308,7/2/1905,7/6/1905,12.893464,107.812294,Sêrêpôk,"xã Krông Na, Ea Huar, Ea Wer huyện Buôn Đôn tỉnh Đăk Lăk",,,,,,,,
Đăk Rơ Sa,7.5,143,6/25/1905,6/29/1905,14.747278,107.835808,Đăk Tơ Kan,xã Đăk TrămNgọc Tụ huyện Đăk Tô tỉnh Kon Tum,,,,,,,,
Đăk Ba,19.5,,7/9/1905,7/12/1905,15.012395,108.297078,Đăk Ba,xã Sơn Mùa huyện Sơn Tây tỉnh Quảng Ngãi,,,,,,,,
Tiên Thuận,10,40,7/1/1905,7/6/1905,13.998480,108.826588,Suối Cái,xã Tây Thuận huyện Tây Sơn tỉnh Bình Định,,,,,,,,
Sơn Tây,18,,7/9/1905,7/11/1905,15.011400,108.360940,Đăk Đrinh,xã Sơn Tân huyện Sơn Tây tỉnh Quảng Ngãi,,,,,,,,
Sông Hinh,70,370,6/17/1905,6/23/1905,12.928144,108.993572,Sông Hinh,"xã Ea Trol, huyện Sông Hinh, tỉnh Phú Yên",,,,,,,,
Vĩnh Sơn,66,229,6/13/1905,6/23/1905,14.365631,108.694250,Sông Hinh,xã Vĩnh Sơn huyện Vĩnh Thạnh tỉnh Bình Định,,,,,,,,
Vĩnh Sơn 5,28,103,7/1/1905,4/1/2014,14.361094,108.720303,Sông Kôn,xã Vĩnh Kim huyện Vĩnh Thạnh tỉnh Bình Định,,,,,,,,
Định Bình,9.9,45,6/26/1905,6/30/1905,14.156528,108.772672,Sông Kôn,xã Vĩnh Hảo huyện Vĩnh Thạnh tỉnh Bình Định,,,,,,,,
Văn Phong,6,23,7/5/1905,7/7/1905,13.947780,108.862127,Sông Kôn,xã Bình Tường huyện Tây Sơn tỉnh Bình Định,,,,,,,,
La Hiêng 2,18,68,7/1/1905,7/7/1905,13.501723,108.848112,La Hiêng,xã Phú Mỡ huyện Đồng Xuân tỉnh Phú Yên,,,,,,,,
Trà Linh 2,18,,7/9/1905,7/12/1905,15.028136,108.000617,Nước Nà,xã Trà Linh huyện Nam Trà My tỉnh Quảng Nam,,,,,,,,
Trà Linh 3,7.2,,,7/1/1905,15.047286,108.066782,Nước Nà,xã Trà Nam huyện Nam Trà My tỉnh Quảng Nam,,,,,,,,
Nước Biêu,14,49,7/10/1905,12/1/2019,15.079944,108.064282,Nước Biêu,xã Trà Cang huyện Nam Trà My tỉnh Quảng Nam,,,,,,,,
Đăk Re,60,270,7/8/1905,7/1/2019,14.604476,108.485742,Đăk Re,xã Hiếu huyện Kon Plong tỉnh Kon Tum,,,,,,,,
Nước Trong,16.5,70,6/30/1905,7/4/1905,15.080886,108.411756,Tang,xã Sơn Bao huyện Sơn Hà tỉnh Quảng Ngãi,,,,,,,,
Trà Khúc 1,30,124,5/1/2019,7/13/1905,15.013519,108.527357,Trà Khúc,xã Sơn Giang & Sơn Cao huyện Sơn Hà tỉnh Quảng Ngãi,,,,,,,,
Trà Khúc 2,30,114.1,,,,,Trà Khúc,"xã Sơn Thành, Sơn Giang, Sơn Linh huyện Sơn Hà tỉnh Quảng Ngãi",,,,,,,,
Thạch Nham,5,,3/1/2017,7/11/1905,15.119188,108.622099,Trà Khúc,xã Sơn Nham huyện Sơn Hà tỉnh Quảng Ngãi,,,,,,,,
Trà Xom,20,86,1/1/2008,7/5/1905,14.305099,108.688405,Đăk Trúc,xã Vĩnh Sơn huyện Vĩnh Thạnh tỉnh Bình Định,,,,,,,,
Sơn Trà 1A&B,60,220,1/1/2015,1/1/2019,14.846685,108.424153,Xà Lò,xã Sơn Lập huyện Sơn Tây và xã Sơn Kỳ huyện Sơn Hà tỉnh Quảng Ngãi,,,,,,,,
Cần Đơn,77,321,6/22/1905,6/26/1905,11.968903,106.843472,Sông Bé,xã Đa Kia huyện Bù Gia Mập và xã Thanh Hòa huyện Bù Đốp tỉnh Bình Phước,,,,,,,,
Srok Phu Miêng,51,228,6/25/1905,6/28/1905,11.768858,106.756425,Sông Bé,xã Thanh An huyện Hớn Quản và xã Long Hưng huyện Phú Riềng tỉnh Bình Phước,,,,,,,,
Đa Kai,8,30,,,11.775089,107.822376,Đa Kai,xã Lộc Lâm huyện Bảo Lộc tỉnh Lâm Đồng,,,,,,,,
Đa Khai,8.1,38.5,2/1/2006,7/1/1905,12.106329,108.554532,Đa Khai,xã Đa Nhim huyện Lạc Dương tỉnh Lâm Đồng,,,,,,,,
Đambol,10.2,,,1/1/2011,11.693363,107.659180,Đa Mbol,xã Lộc Bắc huyện Bảo Lâm tỉnh Lâm Đồng,,,,,,,,
Đa M'bri,75,338,6/30/1905,7/6/1905,11.582669,107.672578,Đa M'bri,"xã Lộc Tân huyện Bảo Lâm, xã Phước Lộc huyện Đạ Huoai, xã Triệu Hải huyện Đạ 
Tẻh, tỉnh Lâm Đồng",,,,,,,,
Đa Nhim Thượng 2,7.5,32,6/27/1905,7/2/1905,12.085198,108.594621,Đa Chay,xã Đạ Chais huyện Lạc Dương tỉnh Lâm Đồng,,,,,,,,
Đa Siat,13.5,60,6/1/2005,12/1/2009,11.833043,107.644112,Đa Siat,xã Lộc Bảo huyện Bảo Lâm tỉnh Lâm Đồng[49],,,,,,,,
Đại Nga,10,44,6/30/1905,7/7/1905,11.540448,107.872343,Đa R'Nga,xã Lộc Nga Tx. Bảo Lộc và xã Lộc An huyện Bảo Lâm tỉnh Lâm Đồng,,,,,,,,
Đan Sách 1,6,,7/4/1905,7/7/1905,11.266885,108.000182,Đan Sách,xã Đông Tiến huyện Hàm Thuận Bắc tỉnh Bình Thuận,,,,,,,,
Đăk Rung 1&2,14,,6/29/1905,7/2/1905,12.113889,107.633611,Đồng Nai,xã Trường Xuân huyện Đăk Song tỉnh Đăk Nông,,,,,,,,
Đạ Dâng 2,34,152,6/29/1905,7/2/1905,11.721953,108.246808,Đa Dâng,"xã Tân Thành huyện Đức Trọng và xã Tân Hà huyện Lâm Hà, tỉnh Lâm Đồng",,,,,,,,
Đạ Dâng - Đạ Chomo,23,111,6/25/1905,7/8/1905,11.953460,108.307746,Đạ Dâng,xã Lát huyện Lạc Dương và xã Phi Tô huyện Lâm Hà tỉnh Lâm Đồng,,,,,,,,
Đồng Nai 2,70,264,6/29/1905,7/7/1905,11.712939,108.057867,Đồng Nai,xã Tân Thượng huyện Di Linh và Tân Thanh huyện Lâm Hà tỉnh Lâm Đồng,,,,,,,,
Đức Thành,30,,,7/10/1905,11.671296,107.271677,Đồng Nai,xã Thống Nhất huyện Bù Đăng tỉnh Bình Phước,,,,,,,,
Đăk Glun,18,76,7/1/1905,7/3/1905,12.025169,107.183367,Đăk G'lun,xã Đăk Nhau huyện Bù Đăng tỉnh Bình Phước,,,,,,,,
Đăk Kar,12,,7/6/1905,7/9/1905,11.845970,107.422889,Đăk Kar,xã Đăk Sin huyện Đắk R'lấp tỉnh Đắk Nông,,,,,,,,
Bảo Lộc,40,128.6,6/27/1905,7/1/1905,11.424754,107.874937,La Ngà,xã Lộc Nam huyện Bảo Lâm tỉnh Lâm Đồng,,,,,,,,
Đắc Mê,5,25,7/1/1905,7/3/1905,12.133269,108.313047,Đăk Mê,xã Đạ Long huyện Đam Rông tỉnh Lâm Đồng,,,,,,,,
Đăk Nông 2,16,65,,7/8/1905,11.964508,107.667511,Đăk Nông,p. Nghĩa Tân Tx. Gia Nghĩa tỉnh Đăk Nông,,,,,,,,
Đăk Sin 1,28,105,7/2/1905,7/7/1905,11.820482,107.458698,Đăk R' Keh,xã Đăk Sin và Hưng Bình huyện Đăk R’lấp tỉnh Đăk Nông,,,,,,,,
Quảng Tín,5,21,6/29/1905,7/1/1905,11.954382,107.438904,Đăk R'lấp,xã Quảng Tín huyện Đăk R'lấp tỉnh Đăk Nông[50],,,,,,,,
Đăk Ru,6.9,30,6/27/1905,6/29/1905,11.905759,107.422936,Đăk Ru,xã Đăk Ru huyện Đắk R'lấp tỉnh Đắk Nông,,,,,,,,
Sông Chò 2,7,26,7/8/1905,7/10/1905,12.447036,108.843612,Sông Chò,xã Khánh Hiệp huyện Khánh Vĩnh tỉnh Khánh Hòa[51],,,,,,,,
Đan Sách 2&3,5.5,25,7/4/1905,2/1/2015,11.242646,108.009698,Suối Thị,xã Đông Tiến huyện Hàm Thuận Bắc tỉnh Bình Thuận,,,,,,,,
Sông Giang 2,37,142,7/1/1905,7/6/1905,12.372883,108.837386,Sông Giang,xã Khánh Trung huyện Khánh Vĩnh tỉnh Khánh Hòa,,,,,,,,
Ea Krông Rou,28,140,6/27/1905,6/29/1905,12.599167,108.939722,Ea Krông Rou,xã Ninh Tây huyện Ninh Hòa tỉnh Khánh Hòa,,,,,,,,
Bắc Bình,33,145,6/25/1905,7/1/1905,11.371086,108.328156,Ma Đế,"xã Phan Sơn và Phan Lâm, huyện Bắc Bình tỉnh Bình Thuận",,,,,,,,
Sông Pha,7.5,40,6/14/1905,6/17/1905,11.833866,108.684705,Sông Pha,xã Lâm Sơn huyện Ninh Sơn tỉnh Ninh Thuận,,,,,,,,
Hạ Sông Pha 1,5.4,32,7/3/1905,7/5/1905,11.829795,108.691826,Sông Pha,xã Lâm Sơn huyện Ninh Sơn tỉnh Ninh Thuận,,,,,,,,
Hạ Sông Pha 2,5.1,30,7/3/1905,7/7/1905,11.832935,108.708343,Sông Pha,xã Lâm Sơn huyện Ninh Sơn tỉnh Ninh Thuận,,,,,,,,
Sông Ông,8.1,41,7/1/2005,8/1/2009,11.771322,108.798482,Sông Ông,xã Quảng Sơn huyện Ninh Sơn tỉnh Ninh Thuận[52],,,,,,,,
